"Meja kerja, meja belajar, meja laptop, meja komputer, meja makan, kost","Rp 180.000"
"Ready LAPTOP second Acer 4736z -ram 2gb -layar 14"" - hdd 320gb","Rp 1.700.000"
"Laptop ACER A514-51G Intel Ci5-8265u Nvidia Cakep Muluss","Rp 6.150.000"
"Dijual laptop HP envy x360 at 0009AU convertible 3700U","Rp 14.000.000"
"kabel usb exstension,sambungan usb,kabel komputer,kabel laptop","Rp 20.000"
"kabel vga 10meter,kabel komputer,kabel laptop,kabel monitor","Rp 125.000"
"Dicari Laptop MacBook Segala Kondisi","Rp 2.000.000"
"Laptop Acer A5 476G core i3 Second Murah mulus","Rp 4.800.000"
"laptop acer z1402 intel-N2957 ram 2gb hdd 500gb plus bonus","Rp 2.000.000"
"kabel power laptop,kabel charger laptop","Rp 30.000"
"Laptop Murah RAM 8GB SSD Dual VGA, ACER ASPIRE E1 (AMD A8","Rp 3.700.000"
"Laptop Acer e1-471 intel core i3-2310 ram2gb hdd 500gb plus bonus","Rp 2.100.000"
"Laptop Lenovo ideapad 300 intel-N3150ram 2gb hdd 500gb siap pakai","Rp 1.900.000"
"Laptop Lenovo 110 intel n3350 ram 2gb hdd 1tb kualitas mantap","Rp 2.200.000"
"modem zte mf 170 harga nego,modem 3g ,modem laptop,modem komputer","Rp 130.000"
"Laptop asus good condition","Rp 2.300.000"
"laptop notebook asus x200m intel n2920 ram 2gb hdd 500gb garansi+bons","Rp 1.600.000"
"Laptop hp 430 core i3-m380 ram 2gb hdd 500gb plus bonus","Rp 1.700.000"
"Perbaikan / Service Laptop-Netbook-Printer-Komputer-Proyektor-UPS-BJM.","Rp 200.000"
"Jual Laptop Gaming Design HP Elitebook 820 G2 Gen5 Touchscreen","Rp 4.400.000"
